source_file,output_file,format,dimensions,background
21089.png,21089_head_neck.png,PNG RGBA,1158x1359,transparent
21201.jpg,21201_head_neck.png,PNG RGBA,1158x1359,transparent
21240.jpg,21240_head_neck.png,PNG RGBA,1158x1359,transparent
21401.jpg,21401_head_neck.png,PNG RGBA,1158x1359,transparent
21473.png,21473_head_neck.png,PNG RGBA,1158x1359,transparent
21494.jpg,21494_head_neck.png,PNG RGBA,1158x1359,transparent
21566.jpg,21566_head_neck.png,PNG RGBA,1158x1359,transparent
21618.jpg,21618_head_neck.png,PNG RGBA,1158x1359,transparent
21659.jpg,21659_head_neck.png,PNG RGBA,1158x1359,transparent
21782.jpg,21782_head_neck.png,PNG RGBA,1158x1359,transparent
21790.jpg,21790_head_neck.png,PNG RGBA,1158x1359,transparent
21792.jpg,21792_head_neck.png,PNG RGBA,1158x1359,transparent
21809.jpg,21809_head_neck.png,PNG RGBA,1158x1359,transparent
21811.jpg,21811_head_neck.png,PNG RGBA,1158x1359,transparent
21821.jpg,21821_head_neck.png,PNG RGBA,1158x1359,transparent
21826.jpg,21826_head_neck.png,PNG RGBA,1158x1359,transparent
21830.jpg,21830_head_neck.png,PNG RGBA,1158x1359,transparent
21835.jpg,21835_head_neck.png,PNG RGBA,1158x1359,transparent
21854.jpg,21854_head_neck.png,PNG RGBA,1158x1359,transparent
21878.jpg,21878_head_neck.png,PNG RGBA,1158x1359,transparent
21892.png,21892_head_neck.png,PNG RGBA,1158x1359,transparent
21919.jpg,21919_head_neck.png,PNG RGBA,1158x1359,transparent
21929.jpg,21929_head_neck.png,PNG RGBA,1158x1359,transparent
21998.png,21998_head_neck.png,PNG RGBA,1158x1359,transparent
22035.png,22035_head_neck.png,PNG RGBA,1158x1359,transparent
22037.png,22037_head_neck.png,PNG RGBA,1158x1359,transparent
22042.jpg,22042_head_neck.png,PNG RGBA,1158x1359,transparent
22081.png,22081_head_neck.png,PNG RGBA,1158x1359,transparent
22096.jpg,22096_head_neck.png,PNG RGBA,1158x1359,transparent
22129.png,22129_head_neck.png,PNG RGBA,1158x1359,transparent
